,,,,
Section,Zebra URL to be redirected,Zebra Target URL,,
,Zebra to Zebra,*/products.html,Note: This list only includes urls that will be changing due to IA changes. If a page/section is maintaining its url (like the Support and Downloads section) it is not shown.,
,*/products-services/printers/media-type/tickets-receipts.html,*/products/printers.html,FALSE,
,*/products-services/printers/media-type/cards.html,*/products/printers.html,FALSE,
,*/products-services/printers/media-type/labels-tags.html,*/products/printers.html,FALSE,
,*/products-services/printers/media-type/wristband.html,*/products/printers.html,FALSE,
,*/products-services/printers/printer-type/industrial.html,*/products/printers/industrial.html,FALSE,
,*/products-services/printers/printer-type/industrial/105slplus.html,*/products/printers/industrial/105sl.html,FALSE,
,*/products-services/printers/printer-type/industrial/xi-series.html,*/products/printers/industrial/xi-series.html,FALSE,
,*/products-services/printers/printer-type/industrial/zt200-series.html,*/products/printers/industrial/zt200-series.html,FALSE,
,*/products-services/printers/printer-type/industrial/zt400-series.html,*/products/printers/industrial/zt400-series.html,FALSE,
,*/products-services/printers/printer-type/industrial.html,*/products/printers/desktop.html,FALSE,
,*/products-services/printers/printer-type/desktop/2824-plus-series.html,*/products/printers/desktop/compact-desktop-printers.html,FALSE,
,*/products-services/printers/printer-type/desktop/gk420healthcare.html,*/products/printers/desktop/advanced-desktop-printers.html,FALSE,
,*/products-services/printers/printer-type/desktop/g-series-gc.html,*/products/printers/desktop/value-desktop-printers.html,FALSE,
,*/products-services/printers/printer-type/desktop/g-series-gk.html,*/products/printers/desktop/advanced-desktop-printers.html,FALSE,
,*/products-services/printers/printer-type/desktop/g-series-gx.html,*/products/printers/desktop/performance-desktop-printers.html,FALSE,
,*/products-services/printers/printer-type/desktop/gt800.html,*/products/printers/desktop/advanced-desktop-printers.html,FALSE,
,*/products-services/printers/printer-type/desktop/gx420d.html,*/products/printers/desktop/performance-desktop-printers.html,FALSE,
,*/products-services/printers/printer-type/desktop/hc100.html,*/products/printers/desktop/cartridge-based-wristband-printers.html,FALSE,
,*/products-services/printers/printer-type/desktop/zd500.html,*/products/printers/desktop/performance-desktop-printers.html,FALSE,
,*/products-services/printers/printer-type/mobile.html,*/products/printers/mobile.html,FALSE,
,*/products-services/printers/printer-type/mobile/em-220ii.html,*/products/printers/mobile/em-220ii.html,FALSE,
,*/products-services/printers/printer-type/mobile/mz-series.html,*/products/printers/mobile/mz-series.html,FALSE,
,*/products-services/printers/printer-type/mobile/p4t.html,*/products/printers/mobile/p4t.html,FALSE,
,*/products-services/printers/printer-type/mobile/zq110.html,*/products/printers/mobile/zq110.html,FALSE,
,*/products-services/printers/printer-type/mobile/qln-series.html,*/products/printers/mobile/qln-series.html,FALSE,
,*/products-services/printers/printer-type/mobile/qln-series-hc.html,*/products/printers/mobile/qln-series-hc.html,FALSE,
,*/products-services/printers/printer-type/mobile/rw-series.html,*/products/printers/mobile/rw-series.html,FALSE,
,*/products-services/printers/printer-type/card.html,*/products/printers/card.html,FALSE,
,*/products-services/printers/printer-type/card/quikcard-id.html,*/products/printers/card/quikcard-id.html,FALSE,
,*/products-services/printers/printer-type/card/zxp-series-1.html,*/products/printers/card/zxp-series-1.html,FALSE,
,*/products-services/printers/printer-type/card/zxp-series-3.html,*/products/printers/card/zxp-series-3.html,FALSE,
,*/products-services/printers/printer-type/card/zxp-series-7.html,*/products/printers/card/zxp-series-7.html,FALSE,
,*/products-services/printers/printer-type/card/zxp-series-8.html,*/products/printers/card/zxp-series-8.html,FALSE,
,*/products-services/printers/printer-type/kiosk.html,*/products/printers/kiosk.html,FALSE,
,*/products-services/printers/printer-type/kiosk/kr200-series.html,*/products/printers/kiosk/kr200-series.html,FALSE,
,*/products-services/printers/printer-type/kiosk/kr400-series.html,*/products/printers/kiosk/kr400-series.html,FALSE,
,*/products-services/printers/printer-type/kiosk/ttp-2000-series.html,*/products/printers/kiosk/ttp-2000-series.html,FALSE,
,*/products-services/printers/printer-type/kiosk/ttp-2100-series.html,*/products/printers/kiosk/ttp-2100-series.html,FALSE,
,*/products-services/printers/printer-type/kiosk/ttp-7000-series.html,*/support-downloads.html,FALSE,
,*/products-services/printers/printer-type/kiosk/ttp-8000-series.html,*/products/printers/kiosk/ttp-8000-series.html,FALSE,
,*/products-services/printers/printer-type/rfid.html,*/products/printers/rfid.html,FALSE,
,*/products-services/printers/printer-type/rfid/r110xi4.html,*/products/printers/rfid/r110xi4.html,FALSE,
,*/products-services/printers/printer-type/rfid/rp4t.html,*/support-downloads/passive-rfid/rp4t.html,FALSE,
,*/products-services/printers/printer-type/rfid/zd500r.html,*/products/printers/rfid/zd500r.html,FALSE,
,*/products-services/printers/printer-type/rfid/ze500r.html,*/products/printers/rfid/ze500r.html,FALSE,
,*/products-services/printers/printer-type/rfid/zt400-rfid.html,*/products/printers/rfid/zt400-rfid.html,FALSE,
,*/products-services/printers/printer-type/rfid/rpax.html,*/products/printers/rfid/rpax.html,FALSE,
,*/products-services/printers/printer-type/rfid/rz-series.html,*/products/printers/rfid/rz-series.html,FALSE,
,*/products-services/printers/printer-type/print-engines.html,*/products/printers/print-engines.html,FALSE,
,*/products-services/printers/printer-type/print-engines/ze500.html,*/products/printers/print-engines/ze500.html,FALSE,
,*/products-services/location-solutions.html,*/products/location-solutions.html,FALSE,
,*/solutions/technology-need/wherenet.html,*/products/location-solutions/wherenet.html,FALSE,
,*/products-services/location-solutions/wherenet/wheretag.html,*/products/location-solutions/wherenet/wheretag.html,FALSE,
,*/products-services/location-solutions/wherenet/wherelan.html,*/products/location-solutions/wherenet/wherelan.html,FALSE,
,*/products-services/location-solutions/wherenet/wherecall.html,*/products/location-solutions/wherenet/wherecall.html,FALSE,
,*/products-services/location-solutions/wherenet/wherewand.html,*/products/location-solutions/wherenet/wherewand.html,FALSE,
,*/products-services/location-solutions/wherenet/whereport.html,*/products/location-solutions/wherenet/whereport.html,FALSE,
,*/solutions/technology-need/uwb-solutions.html,*/products/location-solutions/dart-uwb.html,FALSE,
,*/products-services/location-solutions/dart-uwb/dart-hub.html,*/products/location-solutions/dart-uwb/dart-hub.html,FALSE,
,*/products-services/location-solutions/dart-uwb/dart-vision-reader.html,*/products/location-solutions/dart-uwb/dart-vision-reader.html,FALSE,
,*/products-services/location-solutions/dart-uwb/dart-sensor.html,*/products/location-solutions/dart-uwb/dart-sensor.html,FALSE,
,*/products-services/location-solutions/dart-uwb/dart-tag.html,*/products/location-solutions/dart-uwb/dart-tag.html,FALSE,
,*/products-services/location-solutions/dart-uwb/dart-wand.html,*/products/location-solutions/dart-uwb/dart-wand.html,FALSE,
,*/products-services/location-solutions/software.html,*/products/location-solutions/software.html,FALSE,
,*/products-services/location-solutions/software/visibility-server-software.html,*/products/location-solutions/software/visibility-server-software.html,FALSE,
,*/products-services/location-solutions/software/system-builder.html,*/products/location-solutions/software/system-builder.html,FALSE,
,*/products-services/location-solutions/software/vehicle-tracking-management.html,*/products/location-solutions/software/vehicle-tracking-management.html,FALSE,
,*/products-services/location-solutions/software/material-flow.html,*/products/location-solutions/software/material-flow.html,FALSE,
,*/products-services/location-solutions/software/yard-management-software.html,*/products/location-solutions/software/yard-management-software.html,FALSE,
,*/products-services/supplies.html,*/products/supplies.html,FALSE,
,*/products-services/supplies/labels-tags.html,*/products/supplies/labels-tags.html,FALSE,
,*/products-services/supplies/receipts.html,*/products/supplies/receipts.html,FALSE,
,*/products-services/supplies/wristbands.html,*/products/supplies/wristbands.html,FALSE,
,*/products-services/supplies/ribbons.html,*/products/supplies/ribbons.html,FALSE,
,*/products-services/supplies/custom-supplies.html,*/products/supplies/custom-supplies.html,FALSE,
,*/products-services/supplies/cards.html,*/products/supplies/cards.html,FALSE,
,*/products-services/supplies/card-laminates-overlays.html,*/products/supplies/card-laminates-overlays.html,FALSE,
,*/products-services/supplies/card-printer-ribbons.html,*/products/supplies/card-printer-ribbons.html,FALSE,
,*/products-services/supplies/card-printer-cleaning-supplies.html,*/products/supplies/card-printer-cleaning-supplies.html,FALSE,
,*/products-services/supplies/quikcard-photo-id-kit.html,*/products/supplies/quikcard-photo-id-kit.html,FALSE,
,*/products-services/supplies/rfid-transponder-inlay-guidelines.html,*/products/supplies/rfid-transponder-inlay-guidelines.html,FALSE,
,*/products-services/parts.html,*/products/parts.html,FALSE,
,*/products-services/parts/desktop-parts.html,*/products/parts/desktop-parts.html,FALSE,
,*/products-services/parts/industrial-parts.html,*/products/parts/industrial-parts.html,FALSE,
,*/products-services/parts/kiosk-parts.html,*/products/parts/kiosk-parts.html,FALSE,
,*/products-services/parts/print-engine-parts.html,*/products/parts/print-engine-parts.html,FALSE,
,*/products-services/parts/rfid-parts.html,*/products/parts/rfid-parts.html,FALSE,
,*/products-services/parts/zxp-card-parts.html,*/products/parts/zxp-card-parts.html,FALSE,
,*/products-services/software.html,*/products/software.html,FALSE,
,*/products-services/software/link-os.html,*/products/software/barcode-printers/link-os.html,FALSE,
,*/products-services/software/link-os/print-touch.html,*/products/software/barcode-printers/link-os/print-touch.html,FALSE,
,*/products-services/software/link-os/airwatch-connector.html,*/products/software/barcode-printers/link-os/airwatch-connector.html,FALSE,
,*/products-services/software/link-os/print-station.html,*/products/software/barcode-printers/link-os/print-station.html,FALSE,
,*/products-services/software/link-os/link-os-sdk.html,*/products/software/barcode-printers/link-os/link-os-sdk.html,FALSE,
,*/products-services/software/link-os/cloud-connect.html,*/products/software/barcode-printers/link-os/cloud-connect.html,FALSE,
,*/products-services/software/link-os/virtual-devices.html,*/products/software/barcode-printers/link-os/virtual-devices-current.html,FALSE,
,*/products-services/software/link-os/profile-manager.html,*/products/software/barcode-printers/link-os/profile-manager.html,FALSE,
,*/products-services/software/link-os/zebradesigner-pro.html,*/products/software/barcode-printers/link-os/zebradesigner-pro.html,FALSE,
,*/products-services/software/link-os/zebradesigner-xml.html,*/products/software/barcode-printers/link-os/zebradesigner-xml.html,FALSE,
,*/products-services/software/link-os/zebradesigner-for-mysap-business-suite.html,*/products/software/barcode-printers/link-os/zebradesigner-for-mysap-business-suite.html,FALSE,
,*/products-services/software/link-os/enterprise-connector.html,*/products/software/barcode-printers/link-os/enterprise-connector.html,FALSE,
,*/products-services/software/link-os/mirror.html,*/products/software/barcode-printers/link-os/mirror.html,FALSE,
,*/products-services/software/zebralink.html,*/products/software/barcode-printers/zebralink.html,FALSE,
,*/products-services/software/zebralink/zebra-designer-pro.html,*/products/software/barcode-printers/zebralink/zebra-designer-pro.html,FALSE,
,*/products-services/software/zebralink/zebra-designer-xml.html,*/products/software/barcode-printers/zebralink/zebra-designer-xml.html,FALSE,
,*/products-services/software/zebralink/zebra-designer-mysap-business-suite.html,*/products/software/barcode-printers/zebralink/zebra-designer-mysap-business-suite.html,FALSE,
,*/products-services/software/zebralink/zebra-designer.html,*/products/software/barcode-printers/zebralink/zebra-designer.html,FALSE,
,*/products-services/software/zebralink/zebranet-bridge-enterprise.html,*/products/software/barcode-printers/zebralink/zebranet-bridge-enterprise.html,FALSE,
,*/products-services/software/zebralink/zebra-setup-utility.html,*/products/software/barcode-printers/zebralink/zebra-setup-utility.html,FALSE,
,*/products-services/software/zebralink/zbi-key-manager.html,*/products/software/barcode-printers/zebralink/zbi-key-manager.html,FALSE,
,*/products-services/software/zebralink/mirror.html,*/products/software/barcode-printers/zebralink/mirror.html,FALSE,
,*/products-services/software/zebralink/zebra-basic-interpreter2.html,*/products/software/barcode-printers/zebralink/zebra-basic-interpreter2.html,FALSE,
,*/products-services/software/zebralink/customizable-front-panel.html,*/products/software/barcode-printers/zebralink/customizable-front-panel.html,FALSE,
,*/products-services/software/zebralink/enterprise-connector.html,*/products/software/barcode-printers/zebralink/enterprise-connector.html,FALSE,
,*/products-services/software/zebralink/sap-integration.html,*/products/software/barcode-printers/zebralink/sap-integration.html,FALSE,
,*/products-services/software/zebralink/apl.html,*/products/software/barcode-printers/zebralink/apl.html,FALSE,
,*/products-services/software/zebralink/zebralink-multiplatform-sdk.html,*/products/software/barcode-printers/zebralink/zebralink-multiplatform-sdk.html,FALSE,
,*/products-services/software/zmotif-cardstudio-standard.html,*/products/software/card-printers/zmotif-cardstudio-standard.html,FALSE,3/19 sj
,*/products-services/software/zebra-virtual-printware.html,*/products/software/card-printers/zebra-virtual-printware.html,FALSE,3/19 sj
,*/products-services/software/zebra-card-sdk-value-performance-printers.html,*/products/software/card-printers/zebra-card-sdk-value-performance-printers.html,FALSE,3/19 sj
,*/products-services/software/zmotif-sdk-zxp-series-8.html,*/products/software/card-printers/zmotif-sdk-zxp-series-8.html,FALSE,3/19 sj
,*/products-services/software/zmotif-sdk-zxp-series-3.html,*/products/software/card-printers/zmotif-sdk-zxp-series-3.html,FALSE,3/19 sj
,*/solutions/zebra-commerce.html,*/products/software/zebra-commerce.html,FALSE,
,*/solutions/zebra-commerce/why-zebra-commerce.html,*/products/software/zebra-commerce/why-zebra-commerce.html,FALSE,
,*/solutions/zebra-commerce/efficiency.html,*/products/software/zebra-commerce/efficiency.html,FALSE,
,*/solutions/zebra-commerce/engagement.html,*/products/software/zebra-commerce/engagement.html,FALSE,
,*/solutions/zebra-commerce/mobile-payment.html,*/products/software/zebra-commerce/mobile-payment.html,FALSE,
,*/solutions/zebra-commerce/mobile-payment/payment-gateway.html,*/products/software/zebra-commerce/mobile-payment/payment-gateway.html,FALSE,
,*/solutions/zebra-commerce/mobile-payment/payment-hardware.html,*/products/software/zebra-commerce/mobile-payment/payment-hardware.html,FALSE,
,*/solutions/zebra-commerce/mobile-payment/transaction-receipts.html,*/products/software/zebra-commerce/mobile-payment/transaction-receipts.html,FALSE,
,*/solutions/zebra-commerce/insights.html,*/products/software/zebra-commerce/insights.html,FALSE,
,*/solutions/zebra-commerce/services.html,*/products/software/zebra-commerce/services.html,FALSE,
,*/solutions/zebra-commerce/services/integration.html,*/products/software/zebra-commerce/services/integration.html,FALSE,
,*/solutions/zebra-commerce/services/customization.html,*/products/software/zebra-commerce/services/customization.html,FALSE,
,*/solutions/zebra-commerce/services/maintenance.html,*/products/software/zebra-commerce/services/maintenance.html,FALSE,
,*/solutions/zebra-commerce/resources.html,*/products/software/zebra-commerce/resources.html,FALSE,
,*/solutions/zebra-commerce/mobility-applications.html,*/products/software/zebra-commerce/mobility-applications.html,FALSE,
,*/solutions/zebra-commerce/mobility-applications/retail-applications.html,*/products/software/zebra-commerce/mobility-applications/retail-applications.html,FALSE,
,*/solutions/zebra-commerce/mobility-applications/mobility-application-server.html,*/products/software/zebra-commerce/mobility-applications/mobility-application-server.html,FALSE,
,*/products-services/services/zebracare.html,*/services/run/support-services/zebra-onecare.html,FALSE,
,*/products-services/services/zebracare/zebracare-onsite.html,*/services/run/support-services/zebra-onecare.html,FALSE,
,*/products-services/services/zebracare/zebracare-depot.html,*/services/run/support-services/zebra-onecare.html,FALSE,
,*/products-services/services/zebracare/zebracare-card.html,*/services/run/support-services/zebra-onecare.html,FALSE,
,*/solutions/industry/healthcare/medication-administration.html,*/solutions/healthcare-solutions/medication-administration.html,FALSE,
,*/solutions/business-need/id-access-security/person-id-access-control.html,*/solutions.html,FALSE,
,*/solutions/business-need/id-access-security/person-id-access-control.html#mainpartabscontainer=success-stories,*/solutions.html,FALSE,
,*/solutions/location-solutions/location-solutions.html,*/solutions/location-solutions.html,FALSE,
,*/about-zebra/company-information/compliance/privacy-statement.html,*/about-zebra/company-information/compliance/information-privacy/privacy-statement.html,FALSE,
,*/about-zebra/company-information/compliance/cookie-policy.html,*/about-zebra/company-information/compliance/information-privacy/cookie-policy.html,FALSE,
,*/about-zebra/company-information/compliance/terms-of-use.html,*/about-zebra/company-information/compliance/information-privacy/terms-of-use.html,FALSE,
,*/about-zebra/company-information/compliance/environmental-management.html,*/about-zebra/company-information/compliance/products-and-materials-compliance/environmental-management.html,FALSE,
,*/about-zebra/company-information/compliance/environmental-management/environmental-management-faqs.html,*/about-zebra/company-information/compliance/products-and-materials-compliance/environmental-management/environmental-management-faqs.html,FALSE,
,*/about-zebra/company-information/compliance/environmental-management/weee-faqs.html,*/about-zebra/company-information/compliance/products-and-materials-compliance/environmental-management/weee-faqs.html,FALSE,
,*/about-zebra/company-information/compliance/environmental-management/product-recycling.html,*/about-zebra/company-information/compliance/products-and-materials-compliance/environmental-management/product-recycling.html,FALSE,
,*/about-zebra/company-information/compliance/environmental-management/recycling-end-users.html,*/about-zebra/company-information/compliance/products-and-materials-compliance/environmental-management/product-recycling.html,FALSE,
,*/about-zebra/company-information/worldwide-locations.html,*/about-zebra/contact-us/global-locations.html,FALSE,
,*/about-zebra/work/careers.html,*/about-zebra/careers.html,FALSE,
,*/about-zebra/work/internship.html,*/about-zebra/careers/internship.html,FALSE,
,*/about-zebra/media-center.html,*/about-zebra/newsroom.html,FALSE,
,*/about-zebra/media-center/featured-coverage.html,*/about-zebra/newsroom.html,FALSE,
,*/about-zebra/media-center/archive.html,*/about-zebra/newsroom/press-releases.html,FALSE,
,*/about-zebra/media-center/press-contacts.html,*/about-zebra/newsroom/press-contacts.html,FALSE,
,*/about-zebra/world-events.html,*/about-zebra/newsroom/world-events.html,FALSE,
,*/how-to-buy.html,*/about-zebra/contact-us/how-to-buy.html,FALSE,
,*/solutions/industry/healthcare/medication-administration.html,*/solutions/healthcare-solutions/medication-administration.html,FALSE,
,*/solutions/industry/healthcare/mobile-specimen-collection.html,*/solutions/healthcare-solutions/mobile-specimen-collection.html,FALSE,
,*/solutions/industry/healthcare/laboratories.html,*/solutions/healthcare-solutions/mobile-specimen-collection.html,FALSE,
,*/solutions/industry/healthcare/positive-patientid.html,*/solutions/healthcare-solutions/positive-patient-id.html,FALSE,
,*/solutions/business-need/cards/loyalty-membership-cards.html,*/solutions/retail-solutions/loyalty-membership-gift-cards.html,FALSE,
,*/solutions/business-need/transactions-ticketing/coupon-voucher-printing.html,*/solutions/retail-solutions/couponing-gift-registry.html,FALSE,
,*/solutions/business-need/tracking-management/asset-management.html,*/solutions/manufacturing-solutions/asset-management.html,FALSE,
,*/solutions/business-need/id-access-security/person-id-access-control.html,*/solutions.html,FALSE,
,*/solutions/location-solutions/location-solutions.html,*/solutions/location-solutions.html,FALSE,
,*/about-zebra/media-center/press-releases/2015.html,*/about-zebra/newsroom/press-releases.html,FALSE,
,*/about-zebra/media-center/press-releases/2015/vped-zebra-competition.html,*/about-zebra/newsroom/press-releases/2015/vped-zebra-competition.html,FALSE,
,*/about-zebra/media-center/press-releases/2015/nrf-iot-2015.html,*/about-zebra/newsroom/press-releases/2015/nrf-iot-2015.html,FALSE,
,*/about-zebra/media-center/press-releases/2015/best-channel-vendor-2015.html,*/about-zebra/newsroom/press-releases/2015/best-channel-vendor-2015.html,FALSE,
,*/about-zebra/media-center/press-releases/2015/wlan-nyc-subway.html,*/about-zebra/newsroom/press-releases/2015/wlan-nyc-subway.html,FALSE,
,*/about-zebra/media-center/press-releases/2015/m2m-miami-exhibitor-2015.html,*/about-zebra/newsroom/press-releases/2015/m2m-miami-exhibitor-2015.html,FALSE,
,*/about-zebra/media-center/press-releases/2015/zebra-technologies-announces-date-for-fourth-quarter-and-full-ye.html,*/about-zebra/newsroom/press-releases/2015/zebra-technologies-announces-date-for-fourth-quarter-and-full-ye.html,FALSE,
,*/about-zebra/media-center/press-releases/2015/zebra-technologies-wins-prestigious-good-design-award--for-desig.html,*/about-zebra/newsroom/press-releases/2015/zebra-technologies-wins-prestigious-good-design-award--for-desig.html,FALSE,
,*/about-zebra/media-center/press-releases/2015/zebra-sports-solution-wins-top-honors-in-postscapes-annual-inter.html,*/about-zebra/newsroom/press-releases/2015/zebra-sports-solution-wins-top-honors-in-postscapes-annual-inter.html,FALSE,
,*/about-zebra/media-center/press-releases/2015/kallik-and-zebra-technologies-help-medical-device-and-life-scien.html,*/about-zebra/newsroom/press-releases/2015/kallik-and-zebra-technologies-help-medical-device-and-life-scien.html,FALSE,
,*/about-zebra/media-center/press-releases/2015/zebra-technologies-helps-the-miroglio-group-streamline-wi-fi-ser.html,*/about-zebra/newsroom/press-releases/2015/zebra-technologies-helps-the-miroglio-group-streamline-wi-fi-ser.html,FALSE,
,*/about-zebra/media-center/press-releases/2015/zebra-technologies-updates-date-for-2014-fourth-quarter-and-full.html,*/about-zebra/newsroom/press-releases/2015/zebra-technologies-announces-date-for-fourth-quarter-and-full-year-2014-earnings-release-and-conference-call.html,FALSE,
,*/about-zebra/media-center/press-releases/2015/zebra-technologies-eileen-eck-recognized-as-2015-crn-channel-chi.html,*/about-zebra/newsroom/press-releases/2015/zebra-technologies-eileen-eck-recognized-as-2015-crn-channel-chi.html,FALSE,
,*/about-zebra/media-center/press-releases/2015/zebra-technologies-launches-new-2d-vertical-slot-scanner-for-qui.html,*/about-zebra/newsroom/press-releases/2015/zebra-technologies-launches-new-2D-vertical-slot-scanner.html,FALSE,
,*/about-zebra/media-center/press-releases/2015/comverse-and-zebra-technologies-partner-to-help-service-provider.html,*/about-zebra/newsroom/press-releases/2015/comverse-and-zebra-technologies-partner-to-help-service-provider.html,FALSE,
,*/about-zebra/media-center/press-releases/2015/zebra-technologies-highlights-nfl-partnership-post-inaugural-201.html,*/about-zebra/newsroom/press-releases/2015/zebra-technologies-highlights-nfl-partnership-post-inaugural-201.html,FALSE,
,*/about-zebra/media-center/press-releases/2015/zebra-technologies-ranked-as-a-top-company-in-indoor-location-te.html,*/about-zebra/newsroom/press-releases/2015/zebra-technologies-ranked-as-a-top-company-in-indoor-location-te.html,FALSE,
,,,,
,,,,
,*/solutions/research-and-learn/success-stories/acosta.html,*/resource-library/success-stories/acosta.html,,
,*/solutions/research-and-learn/success-stories/adidas.html,*/resource-library/success-stories/adidas.html,,
,*/solutions/research-and-learn/success-stories/ahold.html,*/resource-library/success-stories/ahold.html,,
,*/solutions/research-and-learn/success-stories/akzo-nobel.html,*/resource-library/success-stories/akzo-nobel.html,,
,*/solutions/research-and-learn/success-stories/alaska-dmv.html,*/resource-library/success-stories/alaska-dmv.html,,
,*/solutions/research-and-learn/success-stories/american-airlines.html,*/resource-library/success-stories/american-airlines.html,,
,*/solutions/research-and-learn/success-stories/andrews-distributing.html,*/resource-library/success-stories/andrews-distributing.html,,
,*/solutions/research-and-learn/success-stories/android-industries.html,*/resource-library/success-stories/android-industries.html,,
,*/solutions/research-and-learn/success-stories/arcelik.html,*/resource-library/success-stories/arcelik.html,,
,*/solutions/research-and-learn/success-stories/assistancekaren.html,*/resource-library/success-stories/assistancekaren.html,,
,*/solutions/research-and-learn/success-stories/associated-food.html,*/resource-library/success-stories/associated-food.html,,
,*/solutions/research-and-learn/success-stories/aurora.html,*/resource-library/success-stories/aurora.html,,
,*/solutions/research-and-learn/success-stories/barcelona.html,*/resource-library/success-stories/barcelona.html,,
,*/solutions/research-and-learn/success-stories/beverage-promotions.html,*/resource-library/success-stories/beverage-promotions.html,,
,*/solutions/research-and-learn/success-stories/blue-bell.html,*/resource-library/success-stories/blue-bell.html,,
,*/solutions/research-and-learn/success-stories/bydgoszcz-parking.html,*/resource-library/success-stories/bydgoszcz-parking.html,,
,*/solutions/research-and-learn/success-stories/cadbury.html,*/resource-library/success-stories/cadbury.html,,
,*/solutions/research-and-learn/success-stories/campbell-hausfeld.html,*/resource-library/success-stories/campbell-hausfeld.html,,
,*/solutions/research-and-learn/success-stories/caprabo.html,*/resource-library/success-stories/caprabo.html,,
,*/solutions/research-and-learn/success-stories/audi.html,*/resource-library/success-stories/audi.html,,
,*/solutions/research-and-learn/success-stories/carolina-blueberry.html,*/resource-library/success-stories/carolina-blueberry.html,,
,*/solutions/research-and-learn/success-stories/celera.html,*/resource-library/success-stories/celera.html,,
,*/solutions/research-and-learn/success-stories/charter-baking.html,*/resource-library/success-stories/charter-baking.html,,
,*/solutions/research-and-learn/success-stories/city-college-san-francisco.html,*/resource-library/success-stories/city-college-san-francisco.html,,
,*/solutions/research-and-learn/success-stories/unalaska.html,*/resource-library/success-stories/unalaska.html,,
,*/solutions/research-and-learn/success-stories/danisco.html,*/resource-library/success-stories/danisco.html,,
,*/solutions/research-and-learn/success-stories/va-medical-center.html,*/resource-library/success-stories/va-medical-center.html,,
,*/solutions/research-and-learn/success-stories/driscoll.html,*/resource-library/success-stories/driscoll.html,,
,*/solutions/research-and-learn/success-stories/duferdofin-nucor.html,*/resource-library/success-stories/duferdofin-nucor.html,,
,*/solutions/research-and-learn/success-stories/duke-university.html,*/resource-library/success-stories/duke-university.html,,
,*/solutions/research-and-learn/success-stories/dundee-crown.html,*/resource-library/success-stories/dundee-crown.html,,
,*/solutions/research-and-learn/success-stories/eh-harms.html,*/resource-library/success-stories/eh-harms.html,,
,*/solutions/research-and-learn/success-stories/elm-leblanc.html,*/resource-library/success-stories/elm-leblanc.html,,
,*/solutions/research-and-learn/success-stories/echo.html,*/resource-library/success-stories/echo.html,,
,*/solutions/research-and-learn/success-stories/edeka.html,*/resource-library/success-stories/edeka.html,,
,*/solutions/research-and-learn/success-stories/eurofresh-farms.html,*/resource-library/success-stories/eurofresh-farms.html,,
,*/solutions/research-and-learn/success-stories/fast-track.html,*/resource-library/success-stories/fast-track.html,,
,*/solutions/research-and-learn/success-stories/berner-foods.html,*/resource-library/success-stories/berner-foods.html,,
,*/solutions/research-and-learn/success-stories/flash-seats.html,*/resource-library/success-stories/flash-seats.html,,
,*/solutions/research-and-learn/success-stories/flextronics.html,*/resource-library/success-stories/flextronics.html,,
,*/solutions/research-and-learn/success-stories/florida-state-attorney.html,*/resource-library/success-stories/florida-state-attorney.html,,
,*/solutions/research-and-learn/success-stories/ford.html,*/resource-library/success-stories/ford.html,,
,*/solutions/research-and-learn/success-stories/gea-farm-technologies.html,*/resource-library/success-stories/gea-farm-technologies.html,,
,*/solutions/research-and-learn/success-stories/getrag.html,*/resource-library/success-stories/getrag.html,,
,*/solutions/research-and-learn/success-stories/great-ormond-street-hospital.html,*/resource-library/success-stories/great-ormond-street-hospital.html,,
,*/solutions/research-and-learn/success-stories/green-mountain.html,*/resource-library/success-stories/green-mountain.html,,
,*/solutions/research-and-learn/success-stories/gyrocam-systems.html,*/resource-library/success-stories/gyrocam-systems.html,,
,*/solutions/research-and-learn/success-stories/hampton-jitney.html,*/resource-library/success-stories/hampton-jitney.html,,
,*/solutions/research-and-learn/success-stories/hawaiian-legacy.html,*/resource-library/success-stories/hawaiian-legacy.html,,
,*/solutions/research-and-learn/success-stories/heartlands-hospital.html,*/resource-library/success-stories/heartlands-hospital.html,,
,*/solutions/research-and-learn/success-stories/heineken.html,*/resource-library/success-stories/heineken.html,,
,*/solutions/research-and-learn/success-stories/holy-name.html,*/resource-library/success-stories/holy-name.html,,
,*/solutions/research-and-learn/success-stories/iceland-post.html,*/resource-library/success-stories/iceland-post.html,,
,*/solutions/research-and-learn/success-stories/identisys.html,*/resource-library/success-stories/identisys.html,,
,*/solutions/research-and-learn/success-stories/dragon-boat-racing.html,*/resource-library/success-stories/dragon-boat-racing.html,,
,*/solutions/research-and-learn/success-stories/itempath.html,*/resource-library/success-stories/itempath.html,,
,*/solutions/research-and-learn/success-stories/jj-taylor.html,*/resource-library/success-stories/jj-taylor.html,,
,*/solutions/research-and-learn/success-stories/jepco.html,*/resource-library/success-stories/jepco.html,,
,*/solutions/research-and-learn/success-stories/john-lewis.html,*/resource-library/success-stories/john-lewis.html,,
,*/solutions/research-and-learn/success-stories/johnson-controls.html,*/resource-library/success-stories/johnson-controls.html,,
,*/solutions/research-and-learn/success-stories/jones-dairy.html,*/resource-library/success-stories/jones-dairy.html,,
,*/solutions/research-and-learn/success-stories/kalispell-medical.html,*/resource-library/success-stories/kalispell-medical.html,,
,*/solutions/research-and-learn/success-stories/kane-county.html,*/resource-library/success-stories/kane-county.html,,
,*/solutions/research-and-learn/success-stories/karolinska-hospital.html,*/resource-library/success-stories/karolinska-hospital.html,,
,*/solutions/research-and-learn/success-stories/kimberly-clark.html,*/resource-library/success-stories/kimberly-clark.html,,
,*/solutions/research-and-learn/success-stories/kingfisher.html,*/resource-library/success-stories/kingfisher.html,,
,*/solutions/research-and-learn/success-stories/kitsap-county.html,*/resource-library/success-stories/kitsap-county.html,,
,*/solutions/research-and-learn/success-stories/labeltrace.html,*/resource-library/success-stories/labeltrace.html,,
,*/solutions/research-and-learn/success-stories/lake-country-ema.html,*/resource-library/success-stories/lake-country-ema.html,,
,*/solutions/research-and-learn/success-stories/manpower.html,*/resource-library/success-stories/manpower.html,,
,*/solutions/research-and-learn/success-stories/master-machine.html,*/resource-library/success-stories/master-machine.html,,
,*/solutions/research-and-learn/success-stories/mcallen-police.html,*/resource-library/success-stories/mcallen-police.html,,
,*/solutions/research-and-learn/success-stories/mcmahon-cartage.html,*/resource-library/success-stories/mcmahon-cartage.html,,
,*/solutions/research-and-learn/success-stories/medallion.html,*/resource-library/success-stories/medallion.html,,
,*/solutions/research-and-learn/success-stories/memphis-zoo.html,*/resource-library/success-stories/memphis-zoo.html,,
,*/solutions/research-and-learn/success-stories/milledgeville-pd.html,*/resource-library/success-stories/milledgeville-pd.html,,
,*/solutions/research-and-learn/success-stories/mim.html,*/resource-library/success-stories/mim.html,,
,*/solutions/research-and-learn/success-stories/minneapolis-airport.html,*/resource-library/success-stories/minneapolis-airport.html,,
,*/solutions/research-and-learn/success-stories/national-healthcare-centre.html,*/resource-library/success-stories/national-healthcare-centre.html,,
,*/solutions/research-and-learn/success-stories/nebraska-medical-center.html,*/resource-library/success-stories/nebraska-medical-center.html,,
,*/solutions/research-and-learn/success-stories/nuclear-regulatory-commission.html,*/resource-library/success-stories/nuclear-regulatory-commission.html,,
,*/solutions/research-and-learn/success-stories/nky-logistics.html,*/resource-library/success-stories/nky-logistics.html,,
,*/solutions/research-and-learn/success-stories/zebra-odyssey.html,*/resource-library/success-stories/zebra-odyssey.html,,
,*/solutions/research-and-learn/success-stories/orange-county.html,*/resource-library/success-stories/orange-county.html,,
,*/solutions/research-and-learn/success-stories/oregon-dot.html,*/resource-library/success-stories/oregon-dot.html,,
,*/solutions/research-and-learn/success-stories/oslo-parking.html,*/resource-library/success-stories/oslo-parking.html,,
,*/solutions/research-and-learn/success-stories/phillips-medical.html,*/resource-library/success-stories/phillips-medical.html,,
,*/solutions/research-and-learn/success-stories/porsche.html,*/resource-library/success-stories/porsche.html,,
,*/solutions/research-and-learn/success-stories/portiuncula-hospital.html,*/resource-library/success-stories/portiuncula-hospital.html,,
,*/solutions/research-and-learn/success-stories/prague-general-university-hospital.html,*/resource-library/success-stories/prague-general-university-hospital.html,,
,*/solutions/research-and-learn/success-stories/pittsburgh-parking.html,*/resource-library/success-stories/pittsburgh-parking.html,,
,*/solutions/research-and-learn/success-stories/puritan-bakery.html,*/resource-library/success-stories/puritan-bakery.html,,
,*/solutions/research-and-learn/success-stories/healthcare-labeling.html,*/resource-library/success-stories/healthcare-labeling.html,,
,*/solutions/research-and-learn/success-stories/raigmore-hospital.html,*/resource-library/success-stories/raigmore-hospital.html,,
,*/solutions/research-and-learn/success-stories/bloodband-redesign.html,*/resource-library/success-stories/bloodband-redesign.html,,
,*/solutions/research-and-learn/success-stories/rittenhouse-hotel.html,*/resource-library/success-stories/rittenhouse-hotel.html,,
,*/solutions/research-and-learn/success-stories/aerospace-manufacturer.html,*/resource-library/success-stories/aerospace-manufacturer.html,,
,*/solutions/research-and-learn/success-stories/schenck-company.html,*/resource-library/success-stories/schenck-company.html,,
,*/solutions/research-and-learn/success-stories/shoe-zone.html,*/resource-library/success-stories/shoe-zone.html,,
,*/solutions/research-and-learn/success-stories/shop-la-style.html,*/resource-library/success-stories/shop-la-style.html,,
,*/solutions/research-and-learn/success-stories/sidor.html,*/resource-library/success-stories/sidor.html,,
,*/solutions/research-and-learn/success-stories/sisters-mercy-health.html,*/resource-library/success-stories/sisters-mercy-health.html,,
,*/solutions/research-and-learn/success-stories/sw-vermont-medical.html,*/resource-library/success-stories/sw-vermont-medical.html,,
,*/solutions/research-and-learn/success-stories/stjohn-hospital.html,*/resource-library/success-stories/stjohn-hospital.html,,
,*/solutions/research-and-learn/success-stories/stjohn-mercy.html,*/resource-library/success-stories/stjohn-mercy.html,,
,*/solutions/research-and-learn/success-stories/stmary-health-center.html,*/resource-library/success-stories/stmary-health-center.html,,
,*/solutions/research-and-learn/success-stories/stadstoezicht-rotterdam.html,*/resource-library/success-stories/stadstoezicht-rotterdam.html,,
,*/solutions/research-and-learn/success-stories/sumitomo.html,*/resource-library/success-stories/sumitomo.html,,
,*/solutions/research-and-learn/success-stories/swiss-post.html,*/resource-library/success-stories/swiss-post.html,,
,*/solutions/research-and-learn/success-stories/tastykake.html,*/resource-library/success-stories/tastykake.html,,
,*/solutions/research-and-learn/success-stories/tennessee-pride.html,*/resource-library/success-stories/tennessee-pride.html,,
,*/solutions/research-and-learn/success-stories/tesco.html,*/resource-library/success-stories/tesco.html,,
,*/solutions/research-and-learn/success-stories/bargain-shop.html,*/resource-library/success-stories/bargain-shop.html,,
,*/solutions/research-and-learn/success-stories/castle-fun-center.html,*/resource-library/success-stories/castle-fun-center.html,,
,*/solutions/research-and-learn/success-stories/roomplace-moves.html,*/resource-library/success-stories/roomplace-moves.html,,
,*/solutions/research-and-learn/success-stories/wash-tub.html,*/resource-library/success-stories/wash-tub.html,,
,*/solutions/research-and-learn/success-stories/thibodaux-medical-center.html,*/resource-library/success-stories/thibodaux-medical-center.html,,
,*/solutions/research-and-learn/success-stories/tnt.html,*/resource-library/success-stories/tnt.html,,
,*/solutions/research-and-learn/success-stories/tobyhanna.html,*/resource-library/success-stories/tobyhanna.html,,
,*/solutions/research-and-learn/success-stories/toom.html,*/resource-library/success-stories/toom.html,,
,*/solutions/research-and-learn/success-stories/topshop.html,*/resource-library/success-stories/topshop.html,,
,*/solutions/research-and-learn/success-stories/touring-belgium.html,*/resource-library/success-stories/touring-belgium.html,,
,*/solutions/research-and-learn/success-stories/tropicana.html,*/resource-library/success-stories/tropicana.html,,
,*/solutions/research-and-learn/success-stories/twoson-tool.html,*/resource-library/success-stories/twoson-tool.html,,
,*/solutions/research-and-learn/success-stories/university-duisburg-essen.html,*/resource-library/success-stories/university-duisburg-essen.html,,
,*/solutions/research-and-learn/success-stories/gottingen-hospital.html,*/resource-library/success-stories/gottingen-hospital.html,,
,*/solutions/research-and-learn/success-stories/air-force.html,*/resource-library/success-stories/air-force.html,,
,*/solutions/research-and-learn/success-stories/vail-resorts.html,*/resource-library/success-stories/vail-resorts.html,,
,*/solutions/research-and-learn/success-stories/valencia-hospital.html,*/resource-library/success-stories/valencia-hospital.html,,
,*/solutions/research-and-learn/success-stories/visiblebrands.html,*/resource-library/success-stories/visiblebrands.html,,
,*/solutions/research-and-learn/success-stories/voestapline.html,*/resource-library/success-stories/voestapline.html,,
,*/solutions/research-and-learn/success-stories.html,*/resource-library/success-stories.html,,
,*/solutions/research-and-learn/success-stories/washington-hospital-center.html,*/resource-library/success-stories/washington-hospital-center.html,,
,*/solutions/research-and-learn/success-stories/wegmans.html,*/resource-library/success-stories/wegmans.html,,
,*/solutions/research-and-learn/success-stories/welchs.html,*/resource-library/success-stories/welchs.html,,
,*/solutions/research-and-learn/success-stories/whirlpool.html,*/resource-library/success-stories/whirlpool.html,,
,*/solutions/research-and-learn/success-stories/wincanton.html,*/resource-library/success-stories/wincanton.html,,
,*/solutions/research-and-learn/success-stories/zebra-card-printer.html,*/resource-library/success-stories/zebra-card-printer.html,,
,*/solutions/research-and-learn/success-stories/zebra-rtls.html,*/resource-library/success-stories/zebra-rtls.html,,
,*/products/mobile-computers/handheld/tc70-touch-computer.html,*/products/mobile-computers/handheld/tc70.html,,
,*/solutions/industry/manufacturing/food-supply-chain/food-allergen-labelling.html,*/solutions/manufacturing-solutions/food-allergen-labelling.html,,
,*/solutions/industry/manufacturing/pharmaceutical-medical-devices/medical-device-identification.html,*/solutions/manufacturing-solutions/medical-device-identifcation.html,,
,*/products/networks/wlan/wlan-products/wlan-management-and-security-software.html,*/products/networks/wireless-lan/wlan-products/wlan-management-security.html,These redirects need to be adjusted to point to the new page locations.,
,*/products/networks/wlan/wlan-products/controllers-and-switches/vx_9000e.html,*/products/networks/wireless-lan/wlan-products/controllers-switches/vx-9000e.html,,
,*/products/networks/wlan/wlan-products/controllers-and-switches/vx_9000.html,*/products/networks/wireless-lan/wlan-products/controllers-switches/vx-9000.html,,
,*/products/networks/wlan/wlan-products/controllers-and-switches/nx_9600.html,*/products/networks/wireless-lan/wlan-products/controllers-switches/nx-9600.html,,
,*/products/networks/wlan/wlan-products/controllers-and-switches/nx_7510e.html,*/products/networks/wireless-lan/wlan-products/controllers-switches/nx-7510e.html,,
,*/products/networks/wlan/wlan-products/controllers-and-switches/nx_7500.html,*/products/networks/wireless-lan/wlan-products/controllers-switches/nx-7500.html,,
,*/products/networks/wlan/wlan-products/controllers-and-switches/nx_6500.html,*/products/networks/wireless-lan/wlan-products/controllers-switches/nx-6500.html,,
,*/products/networks/wlan/wlan-products/controllers-and-switches/ex3548_3524.html,*/products/networks/wireless-lan/wlan-products/controllers-switches/ex3548-3524.html,,
,*/products/networks/wlan/wlan-products/controllers-and-switches.html,*/products/networks/wireless-lan/wlan-products/controllers-switches.html,,
,*/products/networks/wlan/wlan-products/access-points/ap_8232.html,*/products/networks/wireless-lan/wlan-products/access-points/ap-8232.html,,
,*/products/networks/wlan/wlan-products/access-points/ap_8222.html,*/products/networks/wireless-lan/wlan-products/access-points/ap-8222.html,,
,*/products/networks/wlan/wlan-products/access-points/ap_8163.html,*/products/networks/wireless-lan/wlan-products/access-points/ap-8163.html,,
,*/products/networks/wlan/wlan-products/access-points/ap_7562.html,*/products/networks/wireless-lan/wlan-products/access-points/ap-7562.html,,
,*/products/networks/wlan/wlan-products/access-points/ap_7532.html,*/products/networks/wireless-lan/wlan-products/access-points/ap-7532.html,,
,*/products/networks/wlan/wlan-products/access-points/ap_7522e.html,*/products/networks/wireless-lan/wlan-products/access-points/ap-7522e.html,,
,*/products/networks/wlan/wlan-products/access-points/ap_7522.html,*/products/networks/wireless-lan/wlan-products/access-points/ap-7522.html,,
,*/products/networks/wlan/wlan-products/access-points/ap_7502e.html,*/products/networks/wireless-lan/wlan-products/access-points/ap-7502e.html,,
,*/products/networks/wlan/wlan-products/access-points/ap_7502.html,*/products/networks/wireless-lan/wlan-products/access-points/ap-7502.html,,
,*/products/networks/wlan/solutions_guest_access.html,*/products/networks/wireless-lan/wireless-guest-access-solution.html,,
,*/products/networks/wlan/wing_express.html,*/products/networks/wireless-lan/wing-express-small-business-network.html,,
,*/products/networks/wlan/wing_enterprise.html,*/products/networks/wireless-lan/wing-enterprise-network.html,,
,*/products/networks/wlan/industries_transportation_logistics.html,*/products/networks/wireless-lan/transportation-logistics-wireless-lan.html,,
,*/products/networks/wlan/smart_mobility.html,*/products/networks/wireless-lan/smart-enterprise-mobility.html,,
,*/products/networks/wlan/industries_retail.html,*/products/networks/wireless-lan/retail-wireless-lan.html,,
,*/products/networks/wlan/optimal_performance.html,*/products/networks/wireless-lan/optimal-network-performance.html,,
,*/products/networks/wlan/solutions_mpact.html,*/products/networks/wireless-lan/mpact-location-based-technology-solutions.html,,
,*/products/networks/wlan/mpact.html,*/products/networks/wireless-lan/mpact-customer-experience.html,,
,*/products/networks/wlan/industries_manufacturing.html,*/products/networks/wireless-lan/manufacturing-wireless-lan.html,,
,*/products/networks/wlan/impactful_engagement.html,*/products/networks/wireless-lan/impactful-customer-engagement.html,,
,*/products/networks/wlan/industries_hospitality.html,*/products/networks/wireless-lan/hospitality-wireless-lan.html,,
,*/products/networks/wlan/solutions_byod.html,*/products/networks/wireless-lan/bring-your-own-device-byod-solutions.html,,
,*/products/networks/wlan/802_11.html,*/products/networks/wireless-lan/802-11ac.html,,
,*/products/networks/wlan.html,*/products/networks/wireless-lan.html,,
,*/products/networks/wireless-lan/unified-access-platforms/vx9000/vx_9000_spec_sheet_g.html,*/products/networks/wireless-lan/wlan-products/controllers-switches/vx-9000/vx-9000-spec-sheet-en.html,,
,*/products/networks/wireless-lan/unified-access-platforms/vx9000.html,*/products/networks/wireless-lan/wlan-products/controllers-switches/vx-9000.html,,
,*/products/networks/wireless-lan/unified-access-platforms/rfs6000/rfs6000_spec_sheet.html,*/products/networks/wireless-lan/wlan-products/controllers-switches/rfs-6000-spec-sheet.html,,
,*/products/networks/wireless-lan/unified-access-platforms/rfs4000/rfs4000_spec_sheet.html,*/products/networks/wireless-lan/wlan-products/controllers-switches/rfs-4000-spec-sheet.html,,
,*/products/networks/wireless-lan/unified-access-platforms/nx_9600.html,*/products/networks/wireless-lan/wlan-products/controllers-switches/nx-9600.html,,
,*/products/networks/wireless-lan/unified-access-platforms/nx7500.html,*/products/networks/wireless-lan/wlan-products/controllers-switches/nx-7500.html,,
,*/products/networks/wireless-lan/unified-access-platforms/nx_4500_6500/nx_4500_6500_spec_sh.html,*/products/networks/wireless-lan/wlan-products/controllers-switches/nx-6500/nx-4500-6500-spec-sheet.html,,
,*/products/networks/wireless-lan/unified-access-platforms/nx_4500_6500.html,*/products/networks/wireless-lan/wlan-products/controllers-switches/nx-6500.html,,
,*/products/networks/wireless-lan/unified-access-platforms/nx_9500/nx_9500_spec_sheet.html,*/products/networks/wireless-lan/wlan-products/controllers-switches/nx-9500-spec-sheet.html,,
,*/products/networks/wireless-lan/unified-access-platforms/ex3548.html,*/products/networks/wireless-lan/wlan-products/controllers-switches/ex3548-3524.html,,
,*/products/networks/wireless-lan/ethernet-wallplate-switch/es-6510/es_6510_spec_sheet.html,*/products/networks/wireless-lan/wlan-products/controllers-switches/es-6510-spec-sheet.html,,
,*/products/networks/wireless-lan/unified-access-platforms.html,*/products/networks/wireless-lan/wlan-products/controllers-switches.html,,
,*/products/networks/wireless-lan/access-points/t5-wi-fi-over-vdsl2-system/t5_wi_fi_over_vdsl2_.html,*/products/networks/wireless-lan/wlan-products/access-points/tw-511/t5-wi-fi-over-vdsl2-spec-sheet.html,,
,*/products/networks/wireless-lan/access-points/t5-wi-fi-over-vdsl2-system.html,*/products/networks/wireless-lan/wlan-products/access-points/tw-511.html,,
,*/products/networks/wireless-lan/access-points/ap-8232/ap_8232_spec_sheet_.html,*/products/networks/wireless-lan/wlan-products/access-points/ap-8232/ap-8232-spec-sheet-en.html,,
,*/products/networks/wireless-lan/access-points/ap-8232.html,*/products/networks/wireless-lan/wlan-products/access-points/ap-8232.html,,
,*/products/networks/wireless-lan/access-points/ap-8222/ap_8222_spec_sheet.html,*/products/networks/wireless-lan/wlan-products/access-points/ap-8222/ap-8222-spec-sheet.html,,
,*/products/networks/wireless-lan/access-points/ap-8222.html,*/products/networks/wireless-lan/wlan-products/access-points/ap-8222.html,,
,*/products/networks/wireless-lan/access-points/ap-8163/ap_8163_spec_sheet_.html,*/products/networks/wireless-lan/wlan-products/access-points/ap-8163/ap-8163-spec-sheet_.html,,
,*/products/networks/wireless-lan/access-points/ap-8163.html,*/products/networks/wireless-lan/wlan-products/access-points/ap-8163.html,,
,*/products/networks/wireless-lan/access-points/ap-7532/ap_7532_spec_sheet_0.html,*/products/networks/wireless-lan/wlan-products/access-points/ap-7532/ap-7532-spec-sheet-0.html,,
,*/products/networks/wireless-lan/access-points/ap-7532.html,*/products/networks/wireless-lan/wlan-products/access-points/ap-7532.html,,
,*/products/networks/wireless-lan/wing-express-portfolio/ap7522e.html,*/products/networks/wireless-lan/wlan-products/access-points/ap-7522e.html,,
,*/products/networks/wireless-lan/access-points/ap-7522/ap_7522_spec_sheet.html,*/products/networks/wireless-lan/wlan-products/access-points/ap-7522/ap-7522-spec-sheet.html,,
,*/products/networks/wireless-lan/access-points/ap-7522.html,*/products/networks/wireless-lan/wlan-products/access-points/ap-7522.html,,
,*/products/networks/wireless-lan/wing-express-portfolio/ap7502e.html,*/products/networks/wireless-lan/wlan-products/access-points/ap-7502e.html,,
,*/products/networks/wireless-lan/access-points/ap-7502/ap_7502_spec_sheet.html,*/products/networks/wireless-lan/wlan-products/access-points/ap-7502/ap-7502-spec-sheet.html,,
,*/products/networks/wireless-lan/access-points/ap-7502.html,*/products/networks/wireless-lan/wlan-products/access-points/ap-7502.html,,
,*/products/networks/wireless-lan/access-points/ap-8132/ap_8132_spec_sheet_j.html,*/products/networks/wireless-lan/wlan-products/access-points/ap-8132-spec-sheet.html,,
,*/products/networks/wireless-lan/access-points/ap-7161/ap_7161_spec_sheet.html,*/products/networks/wireless-lan/wlan-products/access-points/ap-7161-spec-sheet.html,,
,*/products/networks/wireless-lan/access-points/ap-6562/ap_6562_spec_sheet.html,*/products/networks/wireless-lan/wlan-products/access-points/ap-6562/ap-6562-spec-sheet.html,,
,*/products/networks/wireless-lan/access-points/ap-6522-ap-622/ap_6522_spec_sheet.html,*/products/networks/wireless-lan/wlan-products/access-points/ap-6522/ap-6522-spec-sheet.html,,
,*/products/networks/wireless-lan/access-points/ap-6521-ap-621/ap_6521_spec_sheet.html,*/products/networks/wireless-lan/wlan-products/access-points/ap-6521-spec-sheet.html,,
,*/products/networks/wireless-lan/access-points.html,*/products/networks/wireless-lan/wlan-products/access-points.html,,
,*/products/networks/wireless-lan/access-points/ap-6511.html,*/products/networks/wireless-lan/wlan-products/access-points/ap-6511.html,,
,*/products/networks/wireless-lan/access-points/ap-6522-ap-622.html,*/products/networks/wireless-lan/wlan-products/access-points/ap-6522.html,,
,*/products/networks/wireless-lan/access-points/ap-6522-ap-622/ap_6522_spec_sheet.html,*/products/networks/wireless-lan/wlan-products/access-points/ap-6522-spec-sheet.html,,
,*/products/networks/wireless-lan/access-points/ap-6562.html,*/products/networks/wireless-lan/wlan-products/access-points/ap-6562.html,,
,*/products/networks/wireless-lan/access-points/ap-6562/ap_6562_spec_sheet.html,*/products/networks/wireless-lan/wlan-products/access-points/ap-6562-spec-sheet.html,,
,*/products/networks/wireless-lan/access-points/ap-6521-ap-621.html,*/products/networks/wireless-lan/wlan-products/access-points/ap-6521-spec-sheet.html,,
,*/products/networks/wireless-lan/access-points/ap-6532-ap-650.html,*/products/networks/wireless-lan/wlan-products/access-points.html,,
,*/products/networks/wireless-lan/access-points/ap-7161.html,*/products/networks/wireless-lan/wlan-products/access-points/ap-7161-spec-sheet.html,,
,*/products/networks/wireless-lan/access-points/ap-8132.html ,*/products/networks/wireless-lan/wlan-products/access-points/ap-8132-spec-sheet.html,,
,*/products/networks/wireless-lan/ethernet-wallplate-switch.html,*/products/networks/wireless-lan/wlan-products/controllers-switches/es-6510-spec-sheet.html,,
,*/products/networks/wireless-lan/ethernet-wallplate-switch/es-6510.html,*/products/networks/wireless-lan/wlan-products/controllers-switches/es-6510-spec-sheet.html,,
,*/products/networks/wireless-lan/unified-access-platforms/ex3548/ex_3500_spec_sheet.html,*/products/networks/wireless-lan/wlan-products/controllers-switches/ex3548-3524/ex-3500-spec-sheet.html,,
,*/products/networks/wireless-lan/unified-access-platforms/nx7500/nx_7500_spec_sheet_.html,*/products/networks/wireless-lan/wlan-products/controllers-switches/nx-7500/nx-7500-spec-sheet.html,,
,*/products/networks/wireless-lan/unified-access-platforms/nx_9500.html,*/products/networks/wireless-lan/wlan-products/controllers-switches/nx-9500-spec-sheet.html,,
,*/products/networks/wireless-lan/unified-access-platforms/rfs4000.html,*/products/networks/wireless-lan/wlan-products/controllers-switches/rfs-4000-spec-sheet.html,,
,*/products/networks/wireless-lan/unified-access-platforms/rfs6000.html,*/products/networks/wireless-lan/wlan-products/controllers-switches/rfs-6000-spec-sheet.html,,
,*/products/networks/wireless-lan/unified-access-platforms/wing-express-manager.html,*/products/networks/wireless-lan/wlan-products/controllers-switches.html,,
,*/products/networks/wireless-lan/wing-express-portfolio.html,*/products/networks/wireless-lan/wing-express-small-business-network.html,,
,*/products/networks/wireless-lan/wing-express-portfolio/ap6511e.html,*/products/networks/wireless-lan/wing-express-small-business-network.html,,
,*/products/networks/wireless-lan/wing-express-portfolio/ap6521e.html,*/products/networks/wireless-lan/wing-express-small-business-network.html,,
,*/products/networks/wireless-lan/wing-express-portfolio/ap6522e.html,*/products/networks/wireless-lan/wing-express-small-business-network.html,,
,*/products/networks/wireless-lan/wing-express-portfolio/ap6562e.html,*/products/networks/wireless-lan/wing-express-small-business-network.html,,
,,,,
,,,,
Responsive migration,,,,
,*/products/mobile-computers/handheld/mc17.html,*/products/mobile-computers/handheld/mc1x-personal-shopper-series.html,,
,*/products/mobile-computers/handheld/mc18.html,*/products/mobile-computers/handheld/mc1x-personal-shopper-series.html,,
,*/products/mobile-computers/handheld/mc40.html,*/products/mobile-computers/handheld/mc40-mobile-computer-series.html,,
,*/products/mobile-computers/handheld/mc40-hc.html,*/products/mobile-computers/handheld/mc40-mobile-computer-series.html,,
,*/products/mobile-computers/handheld/mc55a0.html,*/products/mobile-computers/handheld/mc55-mobile-computer-series.html,,
,*/products/mobile-computers/handheld/mc55a0-hc.html,*/products/mobile-computers/handheld/mc55-mobile-computer-series.html,,
,*/products/mobile-computers/handheld/mc55n0.html,*/products/mobile-computers/handheld/mc55-mobile-computer-series.html,,
,*/products/mobile-computers/handheld/mc67-dual-wan.html,*/products/mobile-computers/handheld/mc67-mobile-computer-series.html,,
,*/products/mobile-computers/handheld-computers/mc67.html,*/products/mobile-computers/handheld/mc67-mobile-computer-series.html,,
,*/products/mobile-computers/handheld/sb1.html,*/products/mobile-computers/handheld/sb1-smart-badge-series.html,,
,*/products/mobile-computers/handheld/sb1-hc.html,*/products/mobile-computers/handheld/sb1-smart-badge-series.html,,
,*/products/mobile-computers/handheld/tc70.html,*/products/mobile-computers/handheld/tc7x-touch-computer-series.html,,
,*/products/mobile-computers/handheld/omnii-xt15.html,*/products/mobile-computers/handheld/omnii-xt15-mobile-computer-series.html,,
,,,,
,*/products/mobile-computers/rfid-handhelds/mc3190-z-handheld-rfid-reader.html,*/products/rfid/rfid-handhelds/mc3190-z-handheld-rfid-reader.html,,
,*/products/mobile-computers/rfid-handhelds/mc3190-z-handheld-rfid-reader/mc3190_z_spec_sheet.html,*/products/rfid/rfid-handhelds/mc3190-z-handheld-rfid-reader/mc3190_z_spec_sheet.html,,
,*/products/mobile-computers/rfid-handhelds/mc9190-z-rfid.html,*/products/rfid/rfid-handhelds/mc9190-z-rfid.html,,
,*/products/mobile-computers/rfid-handhelds/mc9190-z-rfid/mc9190z-spec-sheet-en.html,*/products/rfid/rfid-handhelds/mc9190-z-rfid/mc9190z-spec-sheet-en.html,,
,*/products/mobile-computers/rfid-handhelds/rfd5500.html,*/products/rfid/rfid-handhelds/rfd5500.html,,
,*/products/mobile-computers/rfid-handhelds/rfd5500/rfd5500_spe.html,*/products/rfid/rfid-handhelds/rfd5500/rfd5500_spe.html,,
,*/products/mobile-computers/rfid-handhelds/rfd8500.html,*/products/rfid/rfid-handhelds/rfd8500.html,,
,,,,
,*/products/mobile-computers/handheld/mc3100.html,*/discontinued.html,,
,*/products/mobile-computers/handheld/mc3100/mc3100-spec-sheet-en.html,*/discontinued.html,,
,*/products/mobile-computers/handheld/mc9190-g.html,*/discontinued.html,,
,*/products/mobile-computers/handheld/mc9190-g/mc9190-g-spec-sheet.html,*/discontinued.html,,
,,,,
,*/products/mobile-computers/wearable-computers/wt41n0-vow.html,*/products/mobile-computers/wearable-computers/wt41n0-series.html,,
,*/products/mobile-computers/wearable-computers/wt41n0.html,*/products/mobile-computers/wearable-computers/wt41n0-series.html,,
,,,,
RFID,*/products/rfid/rfid-reader-antennas/an200.html,*/discontinued.html,,
,*/products/rfid/rfid-reader-antennas/an400.html,*/discontinued.html,,
,,,,
About,*/about-zebra/contact-us.html,*/about-zebra/contact-zebra.html,,
,,,,
,*/about-zebra/contact-us/global-locations.html,*/about-zebra/contact-zebra.html,,
,*/about-zebra/contact-us/how-to-buy.html,*/about-zebra/contact-zebra/how-to-buy.html,,
,*/about-zebra/contact-us/contact-tech-support.html,*/about-zebra/contact-zebra/contact-tech-support.html,,
,*/about-zebra/contact-us/contact-zebra/marketing-contact-center.html,*/about-zebra/contact-zebra/marketing-contact-center.html,,
,*/about-zebra/explore-our-story.html,*/about-zebra/newsroom/explore-our-story.html,,
,,,,
,,,,
Location Solutions,,,,
,*/products/location-solutions.html,*/solutions/location-solutions.html,,
,*/products/location-solutions/wherenet.html,*/solutions/location-solutions/enabling-technologies/wherenet.html,,
,*/products/location-solutions/wherenet/wherecall.html,*/solutions/location-solutions/enabling-technologies/wherenet.html,,
,*/products/location-solutions/wherenet/wheretag.html,*/solutions/location-solutions/enabling-technologies/wherenet.html,,
,*/products/location-solutions/wherenet/wherelan.html,*/solutions/location-solutions/enabling-technologies/wherenet.html,,
,*/products/location-solutions/wherenet/whereport.html,*/solutions/location-solutions/enabling-technologies/wherenet.html,,
,*/products/location-solutions/wherenet/wherewant.html,*/solutions/location-solutions/enabling-technologies/wherenet.html,,
,,,,
,*/products/location-solutions/dart-uwb.html,*/solutions/location-solutions/enabling-technologies/dart-uwb.html,,
,*/products/location-solutions/dart-uwb/dart-wand.html,*/solutions/location-solutions/enabling-technologies/dart-uwb.html,,
,*/products/location-solutions/dart-uwb/dart-tag.html,*/solutions/location-solutions/enabling-technologies/dart-uwb.html,,
,*/products/location-solutions/dart-uwb/dart-sensor.html,*/solutions/location-solutions/enabling-technologies/dart-uwb.html,,
,*/products/location-solutions/dart-uwb/dart-vision-reader.html,*/solutions/location-solutions/enabling-technologies/dart-uwb.html,,
,*/products/location-solutions/dart-uwb/dart-hub.html,*/solutions/location-solutions/enabling-technologies/dart-uwb.html,,
,,,,
,*/products/location-solutions/software.html,*/solutions/location-solutions/enabling-technologies/rtls-software.html,,
,*/products/location-solutions/software/visibility-server-software.html,*/solutions/location-solutions/enabling-technologies/rtls-software.html,,
,*/products/location-solutions/software/yard-management-software.html,*/solutions/location-solutions/enabling-technologies/rtls-software.html,,
,*/products/location-solutions/software/system-builder.html,*/solutions/location-solutions/enabling-technologies/rtls-software.html,,
,*/products/location-solutions/software/vehicle-tracking-management.html,*/solutions/location-solutions/enabling-technologies/rtls-software.html,,
,*/products/location-solutions/software/material-flow.html,*/solutions/location-solutions/enabling-technologies/rtls-software.html,,
,,,,
,*/products/location-solutions/mpact.html,*/solutions/location-solutions/enabling-technologies/mpact.html,,
,,,,
WLAN,*/products/networks/wireless-lan/wing-express-small-business-network.html,*/products/networks/wireless-lan/wlan-products/featured-products/wing-express-small-business-network.html,,
,*/products/networks/wireless-lan/wing-enterprise-network.html,*/products/networks/wireless-lan/wlan-products/featured-products/wing-enterprise-network.html,,
,*/products/networks/wireless-lan/mpact-customer-experience.html,*/products/networks/wireless-lan/wlan-products/featured-products/mpact-customer-experience.html,,
,*/products/networks/wireless-lan/802-11ac.html,*/products/networks/wireless-lan/wlan-products/featured-products/802-11ac.html,,
,*/products/networks/wireless-lan/bring-your-own-device-byod-solutions.html,*/products/networks/wireless-lan/wlan-solutions/bring-your-own-device-byod-solutions.html,,
,*/products/networks/wireless-lan/wireless-guest-access-solution.html,*/products/networks/wireless-lan/wlan-solutions/wireless-guest-access-solution.html,,
,*/products/networks/wireless-lan/mpact-location-based-technology-solutions.html,*/products/networks/wireless-lan/wlan-solutions/mpact-location-based-technology-solutions.html,,
,*/products/networks/wireless-lan/hospitality-wireless-lan.html,*/products/networks/wireless-lan/wlan-industries/hospitality-wireless-lan.html,,
,*/products/networks/wireless-lan/manufacturing-wireless-lan.html,*/products/networks/wireless-lan/wlan-industries/manufacturing-wireless-lan.html,,
,*/products/networks/wireless-lan/retail-wireless-lan.html,*/products/networks/wireless-lan/wlan-industries/retail-wireless-lan.html,,
,*/products/networks/wireless-lan/transportation-logistics-wireless-lan.html,*/products/networks/wireless-lan/wlan-industries/transportation-logistics-wireless-lan.html,,
,*/products/networks/wireless-lan/mpact-location-based-technology-solutions.html,*/products/networks/wireless-lan/wlan-solutions/mpact-location-based-technology-solutions.html,,
,*/products/networks/wireless-lan/zebra-nsight.html,*/products/networks/wireless-lan/wlan-solutions/zebra-nsight.html,,
,*/products/networks/wireless-lan/education-wireless-lan.html,*/products/networks/wireless-lan/wlan-industries/education-wireless-lan.html,,
,*/products/networks/wireless-lan/zebra-nsight/application-visibility.html,*/products/networks/wireless-lan/wlan-solutions/zebra-nsight/application-visibility.html,,
,*/products/networks/wireless-lan/zebra-nsight/advanced-network-troubleshooting.html,*/products/networks/wireless-lan/wlan-solutions/zebra-nsight/advanced-network-troubleshooting.html,,
,*/products/networks/wireless-lan/zebra-nsight/network-analysis.html,*/products/networks/wireless-lan/wlan-solutions/zebra-nsight/network-analysis.html,,
,*/products/networks/wireless-lan/zebra-nsight/network-visibility.html,*/products/networks/wireless-lan/wlan-solutions/zebra-nsight/network-visibility.html,,
,*/products/networks/wireless-lan/wlan-products/access-points/ap-8232/ap-8232-spec-sheet-en.html,*/products/networks/wireless-lan/wlan-products/access-points/ap-8232/ap-8232-spec-sheet.html,,
,*/products/networks/wireless-lan/wlan-products/access-points/ap-8163/ap-8163-spec-sheet_.html,*/products/networks/wireless-lan/wlan-products/access-points/ap-8163/ap-8163-spec-sheet.html,,
,*/products/networks/wireless-lan/wlan-products/access-points/ap-7532/ap-7532-spec-sheet-0.html,*/products/networks/wireless-lan/wlan-products/access-points/ap-7532/ap-7532-spec-sheet.html,,
,*/products/networks/wireless-lan/wlan-products/access-points/ap-6522-spec-sheet.html,*/products/networks/wireless-lan/wlan-products/access-points/ap-6522-ap-622/ap-6522-spec-sheet.html,,
,*/products/networks/wireless-lan/wlan-products/access-points/ap-6522/ap-6522-spec-sheet.html,*/products/networks/wireless-lan/wlan-products/access-points/ap-6522-ap-622/ap-6522-spec-sheet.html,,
,*/products/networks/wireless-lan/wlan-products/access-points/ap-6562.html,*/products/networks/wireless-lan/wlan-products/access-points/ap-6562-outdoor-access-point.html,,
,*/products/networks/wireless-lan/wlan-products/access-points/ap-6562-spec-sheet.html,*/products/networks/wireless-lan/wlan-products/access-points/ap-6562-outdoor-access-point/ap-6562-spec-sheet.html,,
,*/products/networks/wireless-lan/wlan-products/access-points/ap-6562/ap-6562-spec-sheet.html,*/products/networks/wireless-lan/wlan-products/access-points/ap-6562-outdoor-access-point/ap-6562-spec-sheet.html,,
,*/products/networks/wireless-lan/wlan-products/wlan-management-security/wids-wips.html,*/products/networks/wireless-lan/wlan-products/wlan-management-security/wids-wips-airdefense.html,,
,*/products/networks/wireless-lan/wlan-products/wlan-management-security/wlan-security-spec-sheet.html,*/products/networks/wireless-lan/wlan-products/wlan-management-security/wids-wips-airdefense/wlan-security-spec-sheet.html,,
,,,,
,,,,
Printer Parts,*/products/parts/industrial-parts,*/products/parts.html,,
,*/products/parts/desktop-parts,*/products/parts.html,,
,*/products/parts/kiosk-parts,*/products/parts.html,,
,*/products/parts/print-engine-parts,*/products/parts.html,,
,*/products/parts/rfid-parts,*/products/parts.html,,
,*/products/parts/zxp-card-parts,*/products/parts.html,,
,,,,
Partners,*/partners/partnerconnect-tc.html,*/partnerconnect-tc.html,,
,*/partners/partnerconnect/partnerconnect-tc.html,*/partnerconnect-tc.html,,
,*/partners/partnerempower-partners.html,*/partners/partnerconnect.html,,
,*/partners/partnerempower-partners/become-a-partner.html,*/partners/partnerconnect/become-a-partner.html,,
,*/partners/partnerempower-partners/become-a-partner/application-partner.html,*/partners/partnerconnect/become-a-partner/complementary-partners/isv.html,,
,*/partners/partnerempower-partners/become-a-partner/application-partner/application-testing.html,*/partners/partnerconnect/become-a-partner/complementary-partners/isv/application-testing.html,,
,*/partners/partnerempower-partners/become-a-partner/independent-hardware-vendor-program.html,*/partners/find-a-zebra-partner/selecting-the-right-channel-partner/independent-hardware-vendor-program.html,,
,*/partners/partnerempower-partners/become-a-partner/independent-hardware-vendor-program/ihv-program-disclaimer.html,*/partners/find-a-zebra-partner/selecting-the-right-channel-partner/independent-hardware-vendor-program/ihv-program-disclaimer.html,,
,*/partners/partnerempower-partners/become-a-partner/independent-hardware-vendor-program/join-the-program.html,*/partners/find-a-zebra-partner/selecting-the-right-channel-partner/independent-hardware-vendor-program/join-the-program.html,,
,*/partners/partnerempower-partners/become-a-partner/independent-hardware-vendor-program/products.html,*/partners/find-a-zebra-partner/selecting-the-right-channel-partner/independent-hardware-vendor-program/products.html,,
,*/partners/partnerempower-partners/become-a-partner/independent-hardware-vendor-program/providers.html,*/partners/find-a-zebra-partner/selecting-the-right-channel-partner/independent-hardware-vendor-program/providers.html,,
,*/partners/partnerempower-partners/become-a-partner/reseller-partner.html,*/partners/partnerconnect/become-a-partner/reseller-partners.html,,
,*/partners/partnerempower-partners/developer-resources.html,*/partners/partnerconnect/become-a-partner/complementary-partners/isv/developer-resources.html,,
,*/partners/partnerempower-partners/developer-resources/developer-resources.html,*/partners/partnerconnect/become-a-partner/complementary-partners/isv/developer-resources.html,,
,*/partners/partnerempower-partners/developer-resources/developer-resources/launch-pad.html,*/partners/partnerconnect/become-a-partner/complementary-partners/isv/launch-pad.html,,
,*/partners/partnerempower-partners/partner-interaction-center.html,*/partners/partner-interaction-center.html,,
,*/partners/partnerempower-partners/partnerempower-terms-and-conditions.html,*/partnerconnect-tc.html,,
,*/partners/partnerempower-partners/power-of-a-partner.html,*/partners/find-a-zebra-partner.html,,
,*/partners/partnerempower-partners/power-of-a-partner/power-of-a-partner.html,*/partners/find-a-zebra-partner.html,,
,*/partners/partnerempower-partners/power-of-a-partner/power-of-a-partner/selecting-the-right-channel-partner.html,*/partners/find-a-zebra-partner/selecting-the-right-channel-partner.html,,
,*/partners/partnerempower-partners/products-for-resellers.html,*/partners/partnerconnect/become-a-partner/reseller-partners/products-for-resellers.html,,
,*/partners/partnersfirst-partners.html,*/partners/partnerconnect.html,,
,*/partners/partnersfirst-partners/alliance-partners.html,*/partners/strategic-partners/global-partners.html,,
,*/partners/partnersfirst-partners/alliance-partners/erp.html,*/partners/strategic-partners/global-partners/sap.html,,
,*/partners/partnersfirst-partners/alliance-partners/erp/asset-management.html,*/partners/strategic-partners/global-partners/sap/asset-management.html,,
,*/partners/partnersfirst-partners/alliance-partners/erp/auto-id-infrastructure.html,*/partners/strategic-partners/global-partners/sap/auto-id-infrastructure.html,,
,*/partners/partnersfirst-partners/alliance-partners/erp/interactive-forms.html,*/partners/strategic-partners/global-partners/sap/interactive-forms.html,,
,*/partners/partnersfirst-partners/alliance-partners/erp/mobile-infrastructure.html,*/partners/strategic-partners/global-partners/sap/mobile-infrastructure.html,,
,*/partners/partnersfirst-partners/alliance-partners/erp/mobile-warehouse.html,*/partners/strategic-partners/global-partners/sap/mobile-warehouse.html,,
,*/partners/partnersfirst-partners/alliance-partners/erp/mobile-workforce.html,*/partners/strategic-partners/global-partners/sap/mobile-workforce.html,,
,*/partners/partnersfirst-partners/alliance-partners/erp/mobile-workforce-field-services.html,*/partners/strategic-partners/global-partners/sap/mobile-workforce-field-services.html,,
,*/partners/partnersfirst-partners/alliance-partners/erp/printing-from-r-3.html,*/partners/strategic-partners/global-partners/sap/printing-from-r-3.html,,
,*/partners/partnersfirst-partners/alliance-partners/erp/sap-labeldesign-and-printing.html,*/partners/strategic-partners/global-partners/sap/sap-label-design-printing.html,,
,*/partners/partnersfirst-partners/alliance-partners/erp/sap-smart-forms.html,*/partners/strategic-partners/global-partners/sap/sap-smart-forms.html,,
,*/partners/partnersfirst-partners/alliance-partners/erp/sap-smart-forms/smart-form-device-types.html,*/partners/strategic-partners/global-partners/sap/sap-smart-forms/smart-form-device-types.html,,
,*/partners/partnersfirst-partners/alliance-partners/erp/supply-chain-management.html,*/partners/strategic-partners/global-partners/sap/supply-chain-management.html,,
,*/partners/partnersfirst-partners/alliance-partners/erp/zebra-sap-connectivity-r-3.html,*/partners/strategic-partners/global-partners/sap/zebra-sap-connectivity-r-3.html,,
,*/partners/partnersfirst-partners/alliance-partners/erp/zebra-sap-connectivity-r-3/zebra-sap-connectivity-xml-enabled.html,*/partners/strategic-partners/global-partners/sap/zebra-sap-connectivity-r-3/zebra-sap-connectivity-xml-enabled.html,,
,*/partners/partnersfirst-partners/alliance-partners/featured-national-sellers.html,*/partners/strategic-partners/global-partners.html,,
,*/partners/partnersfirst-partners/alliance-partners/ibm.html,*/partners/strategic-partners/global-partners/ibm.html,,
,*/partners/partnersfirst-partners/alliance-partners/motorola-solutions.html,*/partners/strategic-partners/global-partners.html,,
,*/partners/partnersfirst-partners/alliance-partners/motorola-solutions/motorola-solutions-mobility.html,*/partners/strategic-partners/global-partners.html,,
,*/partners/partnersfirst-partners/alliance-partners/oracle.html,*/partners/strategic-partners/global-partners/oracle.html,,
,*/partners/partnersfirst-partners/alliance-partners/oracle/zebra-bar-code-solutions-for-oracle.html,*/partners/strategic-partners/global-partners/oracle/zebra-bar-code-solutions-for-oracle.html,,
,*/partners/partnersfirst-partners/alliance-partners/oracle/zebra-solutions-for-oracle-wms-msca.html,*/partners/strategic-partners/global-partners/oracle/zebra-solutions-for-oracle-wms-msca.html,,
,*/partners/partnersfirst-partners/become-a-partner.html,*/partners/partnerconnect/become-a-partner.html,,
,*/partners/partnersfirst-partners/become-a-partner/alliance-partners.html,*/partners/strategic-partners/global-partners.html,,
,*/partners/partnersfirst-partners/become-a-partner/isv.html,*/partners/partnerconnect/become-a-partner/complementary-partners/isv.html,,
,*/partners/partnersfirst-partners/become-a-partner/isv/access-control-isv-s.html,*/partners/partnerconnect/become-a-partner/complementary-partners/isv.html,,
,*/partners/partnersfirst-partners/become-a-partner/isv/as-400-software-isv-s.html,*/partners/partnerconnect/become-a-partner/complementary-partners/isv.html,,
,*/partners/partnersfirst-partners/become-a-partner/isv/club-membership-isv-s.html,*/partners/partnerconnect/become-a-partner/complementary-partners/isv.html,,
,*/partners/partnersfirst-partners/become-a-partner/isv/healthcare-isv-s.html,*/partners/partnerconnect/become-a-partner/complementary-partners/isv.html,,
,*/partners/partnersfirst-partners/become-a-partner/isv/law-enforcement-isv-s.html,*/partners/partnerconnect/become-a-partner/complementary-partners/isv.html,,
,*/partners/partnersfirst-partners/become-a-partner/isv/photo-id-isv-s.html,*/partners/partnerconnect/become-a-partner/complementary-partners/isv.html,,
,*/partners/partnersfirst-partners/become-a-partner/isv/retail-pos-and-loyalty-card-isv-s.html,*/partners/partnerconnect/become-a-partner/complementary-partners/isv.html,,
,*/partners/partnersfirst-partners/become-a-partner/isv/smart-cards-isv-s.html,*/partners/partnerconnect/become-a-partner/complementary-partners/isv.html,,
,*/partners/partnersfirst-partners/become-a-partner/isv/validation-program.html,*/partners/partnerconnect/become-a-partner/complementary-partners/isv.html,,
,*/partners/partnersfirst-partners/become-a-partner/isv/visitor-management-isv-s.html,*/partners/partnerconnect/become-a-partner/complementary-partners/isv.html,,
,*/partners/partnersfirst-partners/become-a-partner/resellers.html,*/partners/partnerconnect/become-a-partner/reseller-partners.html,,
,*/partners/partnersfirst-partners/become-a-partner/solution-systems-integrators.html,*/partners/partnerconnect/become-a-partner.html,,
,*/partners/partnersfirst-partners/become-a-partner/zasps.html,*/partners/find-a-zebra-partner/selecting-the-right-channel-partner/zasps.html,,
,*/partners/partnersfirst-partners/other-partners.html,*/partners.html,,
,*/partners/partnersfirst-partners/other-partners/bartender.html,*/partners.html,,
,*/partners/partnersfirst-partners/other-partners/cardinal-health-carefusion.html,*/partners.html,,
,*/partners/partnersfirst-partners/other-partners/digi-trax-corporation.html,*/partners.html,,
,*/partners/partnersfirst-partners/other-partners/easylabel.html,*/partners.html,,
,*/partners/partnersfirst-partners/other-partners/forhealth-technologies.html,*/partners.html,,
,*/partners/partnersfirst-partners/other-partners/hp.html,*/partners/strategic-partners/global-partners/hp.html,,
,*/partners/partnersfirst-partners/other-partners/loftware.html,*/partners.html,,
,*/partners/partnersfirst-partners/other-partners/mckesson-provider-technologies.html,*/partners.html,,
,*/partners/partnersfirst-partners/other-partners/nicelabel.html,*/partners.html,,
,*/partners/partnersfirst-partners/other-partners/onbase-software.html,*/partners.html,,
,*/partners/partnersfirst-partners/other-partners/optio-software.html,*/partners.html,,
,*/partners/partnersfirst-partners/other-partners/patientworks-software.html,*/partners.html,,
,*/partners/partnersfirst-partners/other-partners/psion-teklogix.html,*/partners.html,,
,*/partners/partnersfirst-partners/other-partners/sap.html,*/partners/strategic-partners/global-partners/sap.html,,
,*/partners/partnersfirst-partners/other-partners/teklynx.html,*/partners.html,,
,*/partners/partnersfirst-partners/other-partners/transenda.html,*/partners.html,,
,*/partners/partnersfirst-partners/other-partners/koditpaperflex.html,*/partners.html,,